layer,sequences,time_us
model_core,1,53156.299942689
model_core_stage_0,1,6029.043137454
model_core_stage_1,1,6698.936819393
model_core_stage_2,1,6698.936819393
model_core_stage_3,1,6698.936819393
model_core_stage_4,1,6698.936819393
model_core_stage_5,1,6698.936819393
model_core_stage_6,1,6698.936819393
model_core_stage_7,1,6933.635888878
model_core,2,76958.257329021
model_core_stage_0,2,8775.405176654
model_core_stage_1,2,9750.450196282
model_core_stage_2,2,9750.450196282
model_core_stage_3,2,9750.450196282
model_core_stage_4,2,9750.450196282
model_core_stage_5,2,9750.450196282
model_core_stage_6,2,9750.450196282
model_core_stage_7,2,9680.150974677
model_core,3,100026.714159212
model_core_stage_0,3,11437.132536299
model_core_stage_1,3,12707.925040332
model_core_stage_2,3,12707.925040332
model_core_stage_3,3,12707.925040332
model_core_stage_4,3,12707.925040332
model_core_stage_5,3,12707.925040332
model_core_stage_6,3,12707.925040332
model_core_stage_7,3,12342.031380922
model_core,4,122384.281376798
model_core_stage_0,4,14016.834171413
model_core_stage_1,4,15574.260190458
model_core_stage_2,4,15574.260190458
model_core_stage_3,4,15574.260190458
model_core_stage_4,4,15574.260190458
model_core_stage_5,4,15574.260190458
model_core_stage_6,4,15574.260190458
model_core_stage_7,4,14921.886062635
model_core,5,144052.872918663
model_core_stage_0,5,16517.038613174
model_core_stage_1,5,18352.265125749
model_core_stage_2,5,18352.265125749
model_core_stage_3,5,18352.265125749
model_core_stage_4,5,18352.265125749
model_core_stage_5,5,18352.265125749
model_core_stage_6,5,18352.265125749
model_core_stage_7,5,17422.243550995
model_core,6,165053.727201017
model_core_stage_0,6,18940.196448069
model_core_stage_1,6,21044.662720077
model_core_stage_2,6,21044.662720077
model_core_stage_3,6,21044.662720077
model_core_stage_4,6,21044.662720077
model_core_stage_5,6,21044.662720077
model_core_stage_6,6,21044.662720077
model_core_stage_7,6,19845.554432489
model_core,7,185407.427943050
model_core_stage_0,7,21288.682720619
model_core_stage_1,7,23654.091911799
model_core_stage_2,7,23654.091911799
model_core_stage_3,7,23654.091911799
model_core_stage_4,7,23654.091911799
model_core_stage_5,7,23654.091911799
model_core_stage_6,7,23654.091911799
model_core_stage_7,7,22194.193751638
model_core,8,205133.924348667
model_core_stage_0,8,23564.799262044
model_core_stage_1,8,26183.110291160
model_core_stage_2,8,26183.110291160
model_core_stage_3,8,26183.110291160
model_core_stage_4,8,26183.110291160
model_core_stage_5,8,26183.110291160
model_core_stage_6,8,26183.110291160
model_core_stage_7,8,24470.463339662
model_core,9,224252.550666109
model_core_stage_0,9,25770.776947141
model_core_stage_1,9,28634.196607935
model_core_stage_2,9,28634.196607935
model_core_stage_3,9,28634.196607935
model_core_stage_4,9,28634.196607935
model_core_stage_5,9,28634.196607935
model_core_stage_6,9,28634.196607935
model_core_stage_7,9,26676.594071359
model_core,10,242782.045144620
model_core_stage_0,10,27908.777881593
model_core_stage_1,10,31009.753201770
model_core_stage_2,10,31009.753201770
model_core_stage_3,10,31009.753201770
model_core_stage_4,10,31009.753201770
model_core_stage_5,10,31009.753201770
model_core_stage_6,10,31009.753201770
model_core_stage_7,10,28814.748052409
model_core,11,260740.568406757
model_core_stage_0,11,29980.897521847
model_core_stage_1,11,33312.108357608
model_core_stage_2,11,33312.108357608
model_core_stage_3,11,33312.108357608
model_core_stage_4,11,33312.108357608
model_core_stage_5,11,33312.108357608
model_core_stage_6,11,33312.108357608
model_core_stage_7,11,30887.020739263
model_core,12,278145.721254355
model_core_stage_0,12,31989.166729655
model_core_stage_1,12,35543.518588505
model_core_stage_2,12,35543.518588505
model_core_stage_3,12,35543.518588505
model_core_stage_4,12,35543.518588505
model_core_stage_5,12,35543.518588505
model_core_stage_6,12,35543.518588505
model_core_stage_7,12,32895.442993669
model_core,13,295014.561925602
model_core_stage_0,13,33935.553763268
model_core_stage_1,13,37706.170848075
model_core_stage_2,13,37706.170848075
model_core_stage_3,13,37706.170848075
model_core_stage_4,13,37706.170848075
model_core_stage_5,13,37706.170848075
model_core_stage_6,13,37706.170848075
model_core_stage_7,13,34841.983073882
model_core,14,311363.622820150
model_core_stage_0,14,35821.966207262
model_core_stage_1,14,39802.184674736
model_core_stage_2,14,39802.184674736
model_core_stage_3,14,39802.184674736
model_core_stage_4,14,39802.184674736
model_core_stage_5,14,39802.184674736
model_core_stage_6,14,39802.184674736
model_core_stage_7,14,36728.548564475
model_core,15,327208.926708648
model_core_stage_0,15,37650.252842866
model_core_stage_1,15,41833.614269851
model_core_stage_2,15,41833.614269851
model_core_stage_3,15,41833.614269851
model_core_stage_4,15,41833.614269851
model_core_stage_5,15,41833.614269851
model_core_stage_6,15,41833.614269851
model_core_stage_7,15,38556.988246677
model_core,16,342566.002442606
model_core_stage_0,16,39422.205460638
model_core_stage_1,16,43802.450511820
model_core_stage_2,16,43802.450511820
model_core_stage_3,16,43802.450511820
model_core_stage_4,16,43802.450511820
model_core_stage_5,16,43802.450511820
model_core_stage_6,16,43802.450511820
model_core_stage_7,16,40329.093911049
model_core,17,357449.900179989
model_core_stage_0,17,41139.560617267
model_core_stage_1,17,45710.622908074
model_core_stage_2,17,45710.622908074
model_core_stage_3,17,45710.622908074
model_core_stage_4,17,45710.622908074
model_core_stage_5,17,45710.622908074
model_core_stage_6,17,45710.622908074
model_core_stage_7,17,42046.602114277
model_core,18,371875.206141451
model_core_stage_0,18,42804.001338213
model_core_stage_1,18,47560.001486903
model_core_stage_2,18,47560.001486903
model_core_stage_3,18,47560.001486903
model_core_stage_4,18,47560.001486903
model_core_stage_5,18,47560.001486903
model_core_stage_6,18,47560.001486903
model_core_stage_7,18,43711.195881822
model_core,19,385856.056911711
model_core_stage_0,19,44417.158767866
model_core_stage_1,19,49352.398630962
model_core_stage_2,19,49352.398630962
model_core_stage_3,19,49352.398630962
model_core_stage_4,19,49352.398630962
model_core_stage_5,19,49352.398630962
model_core_stage_6,19,49352.398630962
model_core_stage_7,19,45324.506358074
model_core,20,399406.153300057
model_core_stage_0,20,45980.613768837
model_core_stage_1,20,51089.570854263
model_core_stage_2,20,51089.570854263
model_core_stage_3,20,51089.570854263
model_core_stage_4,20,51089.570854263
model_core_stage_5,20,51089.570854263
model_core_stage_6,20,51089.570854263
model_core_stage_7,20,46888.114405644
model_core,21,412538.773773595
model_core_stage_0,21,47495.898471945
model_core_stage_1,21,52773.220524383
model_core_stage_2,21,52773.220524383
model_core_stage_3,21,52773.220524383
model_core_stage_4,21,52773.220524383
model_core_stage_5,21,52773.220524383
model_core_stage_6,21,52773.220524383
model_core_stage_7,21,48403.552155351
model_core,22,425266.787476404
model_core_stage_0,22,48964.497778431
model_core_stage_1,22,54404.997531590
model_core_stage_2,22,54404.997531590
model_core_stage_3,22,54404.997531590
model_core_stage_4,22,54404.997531590
model_core_stage_5,22,54404.997531590
model_core_stage_6,22,54404.997531590
model_core_stage_7,22,49872.304508436
model_core,23,437602.666847353
model_core_stage_0,23,50387.850815856
model_core_stage_1,23,55986.500906506
model_core_stage_2,23,55986.500906506
model_core_stage_3,23,55986.500906506
model_core_stage_4,23,55986.500906506
model_core_stage_5,23,55986.500906506
model_core_stage_6,23,55986.500906506
model_core_stage_7,23,51295.810592460
model_core,24,449558.499848970
model_core_stage_0,24,51767.352349127
model_core_stage_1,24,57519.280387919
model_core_stage_2,24,57519.280387919
model_core_stage_3,24,57519.280387919
model_core_stage_4,24,57519.280387919
model_core_stage_5,24,57519.280387919
model_core_stage_6,24,57519.280387919
model_core_stage_7,24,52675.465172330
model_core,25,461146.001819336
model_core_stage_0,25,53104.354148023
model_core_stage_1,25,59004.837942248
model_core_stage_2,25,59004.837942248
model_core_stage_3,25,59004.837942248
model_core_stage_4,25,59004.837942248
model_core_stage_5,25,59004.837942248
model_core_stage_6,25,59004.837942248
model_core_stage_7,25,54012.620017826
model_core,26,472376.526958638
model_core_stage_0,26,54400.166312566
model_core_stage_1,26,60444.629236184
model_core_stage_2,26,60444.629236184
model_core_stage_3,26,60444.629236184
model_core_stage_4,26,60444.629236184
model_core_stage_5,26,60444.629236184
model_core_stage_6,26,60444.629236184
model_core_stage_7,26,55308.585228967
model_core,27,483261.079461627
model_core_stage_0,27,55656.058557534
model_core_stage_1,27,61840.065063926
model_core_stage_2,27,61840.065063926
model_core_stage_3,27,61840.065063926
model_core_stage_4,27,61840.065063926
model_core_stage_5,27,61840.065063926
model_core_stage_6,27,61840.065063926
model_core_stage_7,27,56564.630520534
model_core,28,493810.324306918
model_core_stage_0,28,56873.261457383
model_core_stage_1,28,63192.512730425
model_core_stage_2,28,63192.512730425
model_core_stage_3,28,63192.512730425
model_core_stage_4,28,63192.512730425
model_core_stage_5,28,63192.512730425
model_core_stage_6,28,63192.512730425
model_core_stage_7,28,57781.986466982
model_core,29,504034.597713690
model_core_stage_0,29,58052.967652787
model_core_stage_1,29,64503.297391986
model_core_stage_2,29,64503.297391986
model_core_stage_3,29,64503.297391986
model_core_stage_4,29,64503.297391986
model_core_stage_5,29,64503.297391986
model_core_stage_6,29,64503.297391986
model_core_stage_7,29,58961.845708986
model_core,30,513943.917276048
model_core_stage_0,30,59196.333019990
model_core_stage_1,30,65773.703355545
model_core_stage_2,30,65773.703355545
model_core_stage_3,30,65773.703355545
model_core_stage_4,30,65773.703355545
model_core_stage_5,30,65773.703355545
model_core_stage_6,30,65773.703355545
model_core_stage_7,30,60105.364122788
model_core,31,523547.991784984
model_core_stage_0,31,60304.477804106
model_core_stage_1,31,67004.975337896
model_core_stage_2,31,67004.975337896
model_core_stage_3,31,67004.975337896
model_core_stage_4,31,67004.975337896
model_core_stage_5,31,67004.975337896
model_core_stage_6,31,67004.975337896
model_core_stage_7,31,61213.661953503
model_core,32,532856.230747569
model_core_stage_0,32,61378.487717489
model_core_stage_1,32,68198.319686099
model_core_stage_2,32,68198.319686099
model_core_stage_3,32,68198.319686099
model_core_stage_4,32,68198.319686099
model_core_stage_5,32,68198.319686099
model_core_stage_6,32,68198.319686099
model_core_stage_7,32,62287.824913485
model_core,33,541877.753612693
model_core_stage_0,33,62419.415004242
model_core_stage_1,33,69354.905560269
model_core_stage_2,33,69354.905560269
model_core_stage_3,33,69354.905560269
model_core_stage_4,33,69354.905560269
model_core_stage_5,33,69354.905560269
model_core_stage_6,33,69354.905560269
model_core_stage_7,33,63328.905246837
model_core,34,550621.398712431
model_core_stage_0,34,63428.279471912
model_core_stage_1,34,70475.866079902
model_core_stage_2,34,70475.866079902
model_core_stage_3,34,70475.866079902
model_core_stage_4,34,70475.866079902
model_core_stage_5,34,70475.866079902
model_core_stage_6,34,70475.866079902
model_core_stage_7,34,64337.922761106
model_core,35,559095.731927763
model_core_stage_0,35,64406.069491381
model_core_stage_1,35,71562.299434868
model_core_stage_2,35,71562.299434868
model_core_stage_3,35,71562.299434868
model_core_stage_4,35,71562.299434868
model_core_stage_5,35,71562.299434868
model_core_stage_6,35,71562.299434868
model_core_stage_7,35,65315.865827174
model_core,36,567309.055087176
model_core_stage_0,36,65353.742965937
model_core_stage_1,36,72615.269962152
model_core_stage_2,36,72615.269962152
model_core_stage_3,36,72615.269962152
model_core_stage_4,36,72615.269962152
model_core_stage_5,36,72615.269962152
model_core_stage_6,36,72615.269962152
model_core_stage_7,36,66263.692348329
model_core,37,575269.414106366
model_core_stage_0,37,66272.228270466
model_core_stage_1,37,73635.809189407
model_core_stage_2,37,73635.809189407
model_core_stage_3,37,73635.809189407
model_core_stage_4,37,73635.809189407
model_core_stage_5,37,73635.809189407
model_core_stage_6,37,73635.809189407
model_core_stage_7,37,67182.330699458
model_core,38,582984.606877021
model_core_stage_0,38,67162.425161704
model_core_stage_1,38,74624.916846337
model_core_stage_2,38,74624.916846337
model_core_stage_3,38,74624.916846337
model_core_stage_4,38,74624.916846337
model_core_stage_5,38,74624.916846337
model_core_stage_6,38,74624.916846337
model_core_stage_7,38,68072.680637294
model_core,39,590462.190912435
model_core_stage_0,39,68025.205660413
model_core_stage_1,39,75583.561844903
model_core_stage_2,39,75583.561844903
model_core_stage_3,39,75583.561844903
model_core_stage_4,39,75583.561844903
model_core_stage_5,39,75583.561844903
model_core_stage_6,39,75583.561844903
model_core_stage_7,39,68935.614182602
model_core,40,597709.490757423
model_core_stage_0,40,68861.414906381
model_core_stage_1,40,76512.683229312
model_core_stage_2,40,76512.683229312
model_core_stage_3,40,76512.683229312
model_core_stage_4,40,76512.683229312
model_core_stage_5,40,76512.683229312
model_core_stage_6,40,76512.683229312
model_core_stage_7,40,69771.976475169
model_core,41,604733.605169832
model_core_stage_0,41,69671.871987051
model_core_stage_1,41,77413.191096724
model_core_stage_2,41,77413.191096724
model_core_stage_3,41,77413.191096724
model_core_stage_4,41,77413.191096724
model_core_stage_5,41,77413.191096724
model_core_stage_6,41,77413.191096724
model_core_stage_7,41,70582.586602439
model_core,42,611541.414080659
model_core_stage_0,42,70457.370740616
model_core_stage_1,42,78285.967489573
model_core_stage_2,42,78285.967489573
model_core_stage_3,42,78285.967489573
model_core_stage_4,42,78285.967489573
model_core_stage_5,42,78285.967489573
model_core_stage_6,42,78285.967489573
model_core_stage_7,42,71368.238402603
model_core,43,618139.585339632
model_core_stage_0,43,71218.680534352
model_core_stage_1,43,79131.867260391
model_core_stage_2,43,79131.867260391
model_core_stage_3,43,79131.867260391
model_core_stage_4,43,79131.867260391
model_core_stage_5,43,79131.867260391
model_core_stage_6,43,79131.867260391
model_core_stage_7,43,72129.701242937
model_core,44,624534.581252839
model_core_stage_0,44,71956.547018960
model_core_stage_1,44,79951.718909956
model_core_stage_2,44,79951.718909956
model_core_stage_3,44,79951.718909956
model_core_stage_4,44,79951.718909956
model_core_stage_5,44,79951.718909956
model_core_stage_6,44,79951.718909956
model_core_stage_7,44,72867.720774145
model_core,45,630732.664918832
model_core_stage_0,45,72671.692859659
model_core_stage_1,45,80746.325399622
model_core_stage_2,45,80746.325399622
model_core_stage_3,45,80746.325399622
model_core_stage_4,45,80746.325399622
model_core_stage_5,45,80746.325399622
model_core_stage_6,45,80746.325399622
model_core_stage_7,45,73583.019661443
model_core,46,636739.906369415
model_core_stage_0,46,73364.818444734
model_core_stage_1,46,81516.464938594
model_core_stage_2,46,81516.464938594
model_core_stage_3,46,81516.464938594
model_core_stage_4,46,81516.464938594
model_core_stage_5,46,81516.464938594
model_core_stage_6,46,81516.464938594
model_core_stage_7,46,74276.298293117
model_core,47,642562.188521131
model_core_stage_0,47,74036.602572248
model_core_stage_1,47,82262.891746942
model_core_stage_2,47,82262.891746942
model_core_stage_3,47,82262.891746942
model_core_stage_4,47,82262.891746942
model_core_stage_5,47,82262.891746942
model_core_stage_6,47,82262.891746942
model_core_stage_7,47,74948.235467230
model_core,48,648205.212943295
model_core_stage_0,48,74687.703115582
model_core_stage_1,48,82986.336795092
model_core_stage_2,48,82986.336795092
model_core_stage_3,48,82986.336795092
model_core_stage_4,48,82986.336795092
model_core_stage_5,48,82986.336795092
model_core_stage_6,48,82986.336795092
model_core_stage_7,48,75599.489057163
model_core,49,653674.505448216
model_core_stage_0,49,75318.757668466
model_core_stage_1,49,83687.508520517
model_core_stage_2,49,83687.508520517
model_core_stage_3,49,83687.508520517
model_core_stage_4,49,83687.508520517
model_core_stage_5,49,83687.508520517
model_core_stage_6,49,83687.508520517
model_core_stage_7,49,76230.696656646
model_core,50,658975.421509096
model_core_stage_0,50,75930.384170113
model_core_stage_1,50,84367.093522348
model_core_stage_2,50,84367.093522348
model_core_stage_3,50,84367.093522348
model_core_stage_4,50,84367.093522348
model_core_stage_5,50,84367.093522348
model_core_stage_6,50,84367.093522348
model_core_stage_7,50,76842.476204893
model_core,51,664113.151510913
model_core_stage_0,51,76523.181511100
model_core_stage_1,51,85025.757234556
model_core_stage_2,51,85025.757234556
model_core_stage_3,51,85025.757234556
model_core_stage_4,51,85025.757234556
model_core_stage_5,51,85025.757234556
model_core_stage_6,51,85025.757234556
model_core_stage_7,51,77435.426592478
model_core,52,669092.725839448
model_core_stage_0,52,77097.730120554
model_core_stage_1,52,85664.144578394
model_core_stage_2,52,85664.144578394
model_core_stage_3,52,85664.144578394
model_core_stage_4,52,85664.144578394
model_core_stage_5,52,85664.144578394
model_core_stage_6,52,85664.144578394
model_core_stage_7,52,78010.128248532
model_core,53,673919.019813429
model_core_stage_0,53,77654.592535252
model_core_stage_1,53,86282.880594725
model_core_stage_2,53,86282.880594725
model_core_stage_3,53,86282.880594725
model_core_stage_4,53,86282.880594725
model_core_stage_5,53,86282.880594725
model_core_stage_6,53,86282.880594725
model_core_stage_7,53,78567.143709829
model_core,54,678596.758464642
model_core_stage_0,54,78194.313951169
model_core_stage_1,54,86882.571056855
model_core_stage_2,54,86882.571056855
model_core_stage_3,54,86882.571056855
model_core_stage_4,54,86882.571056855
model_core_stage_5,54,86882.571056855
model_core_stage_6,54,86882.571056855
model_core_stage_7,54,79107.018172345
model_core,55,683130.521170684
model_core_stage_0,55,78717.422758028
model_core_stage_1,55,87463.803064476
model_core_stage_2,55,87463.803064476
model_core_stage_3,55,87463.803064476
model_core_stage_4,55,87463.803064476
model_core_stage_5,55,87463.803064476
model_core_stage_6,55,87463.803064476
model_core_stage_7,55,79630.280025803
model_core,56,687524.746144915
model_core_stage_0,56,79224.431057370
model_core_stage_1,56,88027.145619300
model_core_stage_2,56,88027.145619300
model_core_stage_3,56,88027.145619300
model_core_stage_4,56,88027.145619300
model_core_stage_5,56,88027.145619300
model_core_stage_6,56,88027.145619300
model_core_stage_7,56,80137.441371744
model_core,57,691783.734787993
model_core_stage_0,57,79715.835164656
model_core_stage_1,57,88573.150182951
model_core_stage_2,57,88573.150182951
model_core_stage_3,57,88573.150182951
model_core_stage_4,57,88573.150182951
model_core_stage_5,57,88573.150182951
model_core_stage_6,57,88573.150182951
model_core_stage_7,57,80628.998525629
model_core,58,695911.655905276
model_core_stage_0,58,80192.116095889
model_core_stage_1,58,89102.351217654
model_core_stage_2,58,89102.351217654
model_core_stage_3,58,89102.351217654
model_core_stage_4,58,89102.351217654
model_core_stage_5,58,89102.351217654
model_core_stage_6,58,89102.351217654
model_core_stage_7,58,81105.432503461
model_core,59,699912.549794211
model_core_stage_0,59,80653.740039235
model_core_stage_1,59,89615.266710262
model_core_stage_2,59,89615.266710262
model_core_stage_3,59,89615.266710262
model_core_stage_4,59,89615.266710262
model_core_stage_5,59,89615.266710262
model_core_stage_6,59,89615.266710262
model_core_stage_7,59,81567.209493406
model_core,60,703790.332205732
model_core_stage_0,60,81101.158812111
model_core_stage_1,60,90112.398680123
model_core_stage_2,60,90112.398680123
model_core_stage_3,60,90112.398680123
model_core_stage_4,60,90112.398680123
model_core_stage_5,60,90112.398680123
model_core_stage_6,60,90112.398680123
model_core_stage_7,60,82014.781312881
model_core,61,707548.798183540
model_core_stage_0,61,81534.810304174
model_core_stage_1,61,90594.233671304
model_core_stage_2,61,90594.233671304
model_core_stage_3,61,90594.233671304
model_core_stage_4,61,90594.233671304
model_core_stage_5,61,90594.233671304
model_core_stage_6,61,90594.233671304
model_core_stage_7,61,82448.585851542
model_core,62,711191.625785030
model_core_stage_0,62,81955.118906661
model_core_stage_1,62,91061.243229623
model_core_stage_2,62,91061.243229623
model_core_stage_3,62,91061.243229623
model_core_stage_4,62,91061.243229623
model_core_stage_5,62,91061.243229623
model_core_stage_6,62,91061.243229623
model_core_stage_7,62,82869.047500629
model_core,63,714722.379687525
model_core_stage_0,63,82362.495928495
model_core_stage_1,63,91513.884364995
model_core_stage_2,63,91513.884364995
model_core_stage_3,63,91513.884364995
model_core_stage_4,63,91513.884364995
model_core_stage_5,63,91513.884364995
model_core_stage_6,63,91513.884364995
model_core_stage_7,63,83276.577569062
model_core,64,718144.514683332
model_core_stage_0,64,82757.339999558
model_core_stage_1,64,91952.599999508
model_core_stage_2,64,91952.599999508
model_core_stage_3,64,91952.599999508
model_core_stage_4,64,91952.599999508
model_core_stage_5,64,91952.599999508
model_core_stage_6,64,91952.599999508
model_core_stage_7,64,83671.574686724
model_core,65,721461.379067073
model_core_stage_0,65,83140.037461536
model_core_stage_1,65,92377.819401706
model_core_stage_2,65,92377.819401706
model_core_stage_3,65,92377.819401706
model_core_stage_4,65,92377.819401706
model_core_stage_5,65,92377.819401706
model_core_stage_6,65,92377.819401706
model_core_stage_7,65,84054.425195301
model_core,66,724676.217918585
model_core_stage_0,66,83510.962746718
model_core_stage_1,66,92789.958607464
model_core_stage_2,66,92789.958607464
model_core_stage_3,66,92789.958607464
model_core_stage_4,66,92789.958607464
model_core_stage_5,66,92789.958607464
model_core_stage_6,66,92789.958607464
model_core_stage_7,66,84425.503527082
model_core,67,727792.176284629
model_core_stage_0,67,83870.478745115
model_core_stage_1,67,93189.420827906
model_core_stage_2,67,93189.420827906
model_core_stage_3,67,93189.420827906
model_core_stage_4,67,93189.420827906
model_core_stage_5,67,93189.420827906
model_core_stage_6,67,93189.420827906
model_core_stage_7,67,84785.172572079
model_core,68,730812.302262517
model_core_stage_0,68,84218.937160264
model_core_stage_1,68,93576.596844738
model_core_stage_2,68,93576.596844738
model_core_stage_3,68,93576.596844738
model_core_stage_4,68,93576.596844738
model_core_stage_5,68,93576.596844738
model_core_stage_6,68,93576.596844738
model_core_stage_7,68,85133.784033826
model_core,69,733739.549988684
model_core_stage_0,69,84556.678854060
model_core_stage_1,69,93951.865393400
model_core_stage_2,69,93951.865393400
model_core_stage_3,69,93951.865393400
model_core_stage_4,69,93951.865393400
model_core_stage_5,69,93951.865393400
model_core_stage_6,69,93951.865393400
model_core_stage_7,69,85471.678774222
model_core,70,736576.782535133
model_core_stage_0,70,84884.034180966
model_core_stage_1,70,94315.593534407
model_core_stage_2,70,94315.593534407
model_core_stage_3,70,94315.593534407
model_core_stage_4,70,94315.593534407
model_core_stage_5,70,94315.593534407
model_core_stage_6,70,94315.593534407
model_core_stage_7,70,85799.187147727
model_core,71,739326.774716589
model_core_stage_0,71,85201.323311911
model_core_stage_1,71,94668.137013235
model_core_stage_2,71,94668.137013235
model_core_stage_3,71,94668.137013235
model_core_stage_4,71,94668.137013235
model_core_stage_5,71,94668.137013235
model_core_stage_6,71,94668.137013235
model_core_stage_7,71,86116.629325271
model_core,72,741992.215811134
model_core_stage_0,72,85508.856548213
model_core_stage_1,72,95009.840609125
model_core_stage_2,72,95009.840609125
model_core_stage_3,72,95009.840609125
model_core_stage_4,72,95009.840609125
model_core_stage_5,72,95009.840609125
model_core_stage_6,72,95009.840609125
model_core_stage_7,72,86424.315608171
model_core,73,744575.712196957
model_core_stage_0,73,85806.934625815
model_core_stage_1,73,95341.038473128
model_core_stage_2,73,95341.038473128
model_core_stage_3,73,95341.038473128
model_core_stage_4,73,95341.038473128
model_core_stage_5,73,95341.038473128
model_core_stage_6,73,95341.038473128
model_core_stage_7,73,86722.546732373
model_core,74,747079.789907838
model_core_stage_0,74,86095.849010156
model_core_stage_1,74,95662.054455728
model_core_stage_2,74,95662.054455728
model_core_stage_3,74,95662.054455728
model_core_stage_4,74,95662.054455728
model_core_stage_5,74,95662.054455728
model_core_stage_6,74,95662.054455728
model_core_stage_7,74,87011.614163312
model_core,75,749506.897109849
model_core_stage_0,75,86375.882181934
model_core_stage_1,75,95973.202424371
model_core_stage_2,75,95973.202424371
model_core_stage_3,75,95973.202424371
model_core_stage_4,75,95973.202424371
model_core_stage_5,75,95973.202424371
model_core_stage_6,75,95973.202424371
model_core_stage_7,75,87291.800381690
model_core,76,751859.406501707
model_core_stage_0,76,86647.307914079
model_core_stage_1,76,96274.786571199
model_core_stage_2,76,96274.786571199
model_core_stage_3,76,96274.786571199
model_core_stage_4,76,96274.786571199
model_core_stage_5,76,96274.786571199
model_core_stage_6,76,96274.786571199
model_core_stage_7,76,87563.379160434
model_core,77,754139.617641144
model_core_stage_0,77,86910.391540176
model_core_stage_1,77,96567.101711306
model_core_stage_2,77,96567.101711306
model_core_stage_3,77,96567.101711306
model_core_stage_4,77,96567.101711306
model_core_stage_5,77,96567.101711306
model_core_stage_6,77,96567.101711306
model_core_stage_7,77,87826.615833130
model_core,78,756349.759199547
model_core_stage_0,78,87165.390214615
model_core_stage_1,78,96850.433571794
model_core_stage_2,78,96850.433571794
model_core_stage_3,78,96850.433571794
model_core_stage_4,78,96850.433571794
model_core_stage_5,78,96850.433571794
model_core_stage_6,78,96850.433571794
model_core_stage_7,78,88081.767554168
model_core,79,758491.991147114
model_core_stage_0,79,87412.553164726
model_core_stage_1,79,97125.059071918
model_core_stage_2,79,97125.059071918
model_core_stage_3,79,97125.059071918
model_core_stage_4,79,97125.059071918
model_core_stage_5,79,97125.059071918
model_core_stage_6,79,97125.059071918
model_core_stage_7,79,88329.083550879
model_core,80,760568.406870636
model_core_stage_0,80,87652.121935141
model_core_stage_1,80,97391.246594601
model_core_stage_2,80,97391.246594601
model_core_stage_3,80,97391.246594601
model_core_stage_4,80,97391.246594601
model_core_stage_5,80,97391.246594601
model_core_stage_6,80,97391.246594601
model_core_stage_7,80,88568.805367892
model_core,81,762581.035226007
model_core_stage_0,81,87884.330624614
model_core_stage_1,81,97649.256249571
model_core_stage_2,81,97649.256249571
model_core_stage_3,81,97649.256249571
model_core_stage_4,81,97649.256249571
model_core_stage_5,81,97649.256249571
model_core_stage_6,81,97649.256249571
model_core_stage_7,81,88801.167103965
model_core,82,764531.842527453
model_core_stage_0,82,88109.406115558
model_core_stage_1,82,97899.340128398
model_core_stage_2,82,97899.340128398
model_core_stage_3,82,97899.340128398
model_core_stage_4,82,97899.340128398
model_core_stage_5,82,97899.340128398
model_core_stage_6,82,97899.340128398
model_core_stage_7,82,89026.395641508
model_core,83,766422.734475452
model_core_stage_0,83,88327.568296489
model_core_stage_1,83,98141.742551654
model_core_stage_2,83,98141.742551654
model_core_stage_3,83,98141.742551654
model_core_stage_4,83,98141.742551654
model_core_stage_5,83,98141.742551654
model_core_stage_6,83,98141.742551654
model_core_stage_7,83,89244.710869037
model_core,84,768255.558025215
model_core_stage_0,84,88539.030277623
model_core_stage_1,84,98376.700308470
model_core_stage_2,84,98376.700308470
model_core_stage_3,84,98376.700308470
model_core_stage_4,84,98376.700308470
model_core_stage_5,84,98376.700308470
model_core_stage_6,84,98376.700308470
model_core_stage_7,84,89456.325896771
model_core,85,770032.103197569
model_core_stage_0,85,88743.998599826
model_core_stage_1,85,98604.442888695
model_core_stage_2,85,98604.442888695
model_core_stage_3,85,98604.442888695
model_core_stage_4,85,98604.442888695
model_core_stage_5,85,98604.442888695
model_core_stage_6,85,98604.442888695
model_core_stage_7,85,89661.447265572
model_core,86,771754.104834029
model_core_stage_0,86,88942.673437117
model_core_stage_1,86,98825.192707908
model_core_stage_2,86,98825.192707908
model_core_stage_3,86,98825.192707908
model_core_stage_4,86,98825.192707908
model_core_stage_5,86,98825.192707908
model_core_stage_6,86,98825.192707908
model_core_stage_7,86,89860.275149463
model_core,87,773423.244297749
model_core_stage_0,87,89135.248792939
model_core_stage_1,87,99039.165325488
model_core_stage_2,87,99039.165325488
model_core_stage_3,87,99039.165325488
model_core_stage_4,87,99039.165325488
model_core_stage_5,87,99039.165325488
model_core_stage_6,87,99039.165325488
model_core_stage_7,87,90053.003551884
model_core,88,775041.151122059
model_core_stage_0,88,89321.912690367
model_core_stage_1,88,99246.569655964
model_core_stage_2,88,99246.569655964
model_core_stage_3,88,99246.569655964
model_core_stage_4,88,99246.569655964
model_core_stage_5,88,99246.569655964
model_core_stage_6,88,99246.569655964
model_core_stage_7,88,90239.820495911
model_core,89,776609.404608171
model_core_stage_0,89,89502.847356465
model_core_stage_1,89,99447.608173850
model_core_stage_2,89,99447.608173850
model_core_stage_3,89,99447.608173850
model_core_stage_4,89,99447.608173850
model_core_stage_5,89,99447.608173850
model_core_stage_6,89,99447.608173850
model_core_stage_7,89,90420.908208608
model_core,90,778129.535373637
model_core_stage_0,90,89678.229400949
model_core_stage_1,90,99642.477112166
model_core_stage_2,90,99642.477112166
model_core_stage_3,90,99642.477112166
model_core_stage_4,90,99642.477112166
model_core_stage_5,90,99642.477112166
model_core_stage_6,90,99642.477112166
model_core_stage_7,90,90596.443299691
model_core,91,779603.026853079
model_core_stage_0,91,89848.229989354
model_core_stage_1,91,99831.366654838
model_core_stage_2,91,99831.366654838
model_core_stage_3,91,99831.366654838
model_core_stage_4,91,99831.366654838
model_core_stage_5,91,99831.366654838
model_core_stage_6,91,99831.366654838
model_core_stage_7,91,90766.596934695
model_core,92,781031.316752649
model_core_stage_0,92,90013.015010851
model_core_stage_1,92,100014.461123168
model_core_stage_2,92,100014.461123168
model_core_stage_3,92,100014.461123168
model_core_stage_4,92,100014.461123168
model_core_stage_5,92,100014.461123168
model_core_stage_6,92,100014.461123168
model_core_stage_7,92,90931.535002791
model_core,93,782415.798459662
model_core_stage_0,93,90172.745240899
model_core_stage_1,93,100191.939156554
model_core_stage_2,93,100191.939156554
model_core_stage_3,93,100191.939156554
model_core_stage_4,93,100191.939156554
model_core_stage_5,93,100191.939156554
model_core_stage_6,93,100191.939156554
model_core_stage_7,93,91091.418279438
model_core,94,783757.822408771
model_core_stage_0,94,90327.576498881
model_core_stage_1,94,100363.973887645
model_core_stage_2,94,100363.973887645
model_core_stage_3,94,100363.973887645
model_core_stage_4,94,100363.973887645
model_core_stage_5,94,100363.973887645
model_core_stage_6,94,100363.973887645
model_core_stage_7,94,91246.402584019
model_core,95,785058.697406027
model_core_stage_0,95,90477.659800880
model_core_stage_1,95,100530.733112088
model_core_stage_2,95,100530.733112088
model_core_stage_3,95,100530.733112088
model_core_stage_4,95,100530.733112088
model_core_stage_5,95,100530.733112088
model_core_stage_6,95,100530.733112088
model_core_stage_7,95,91396.638932617
model_core,96,786319.691912126
model_core_stage_0,96,90623.141507745
model_core_stage_1,96,100692.379453050
model_core_stage_2,96,100692.379453050
model_core_stage_3,96,100692.379453050
model_core_stage_4,96,100692.379453050
model_core_stage_5,96,100692.379453050
model_core_stage_6,96,100692.379453050
model_core_stage_7,96,91542.273686081
model_core,97,787542.035286103
model_core_stage_0,97,90764.163468596
model_core_stage_1,97,100849.070520662
model_core_stage_2,97,100849.070520662
model_core_stage_3,97,100849.070520662
model_core_stage_4,97,100849.070520662
model_core_stage_5,97,100849.070520662
model_core_stage_6,97,100849.070520662
model_core_stage_7,97,91683.448693532
model_core,98,788726.918990673
model_core_stage_0,98,90900.863159901
model_core_stage_1,98,101000.959066556
model_core_stage_2,98,101000.959066556
model_core_stage_3,98,101000.959066556
model_core_stage_4,98,101000.959066556
model_core_stage_5,98,101000.959066556
model_core_stage_6,98,101000.959066556
model_core_stage_7,98,91820.301431435
model_core,99,789875.497760435
model_core_stage_0,99,91033.373820266
model_core_stage_1,99,101148.193133628
model_core_stage_2,99,101148.193133628
model_core_stage_3,99,101148.193133628
model_core_stage_4,99,101148.193133628
model_core_stage_5,99,101148.193133628
model_core_stage_6,99,101148.193133628
model_core_stage_7,99,91952.965138399
model_core,100,790988.890734051
model_core_stage_0,100,91161.824581075
model_core_stage_1,100,101290.916201195
model_core_stage_2,100,101290.916201195
model_core_stage_3,100,101290.916201195
model_core_stage_4,100,101290.916201195
model_core_stage_5,100,101290.916201195
model_core_stage_6,100,101290.916201195
model_core_stage_7,100,92081.568945808
model_core,101,792068.182551531
model_core_stage_0,101,91286.340593100
model_core_stage_1,101,101429.267325667
model_core_stage_2,101,101429.267325667
model_core_stage_3,101,101429.267325667
model_core_stage_4,101,101429.267325667
model_core_stage_5,101,101429.267325667
model_core_stage_6,101,101429.267325667
model_core_stage_7,101,92206.238004432
model_core,102,793114.424417689
model_core_stage_0,102,91407.043149203
model_core_stage_1,102,101563.381276892
model_core_stage_2,102,101563.381276892
model_core_stage_3,102,101563.381276892
model_core_stage_4,102,101563.381276892
model_core_stage_5,102,101563.381276892
model_core_stage_6,102,101563.381276892
model_core_stage_7,102,92327.093607134
model_core,103,794128.635132819
model_core_stage_0,103,91524.049803264
model_core_stage_1,103,101693.388670293
model_core_stage_2,103,101693.388670293
model_core_stage_3,103,101693.388670293
model_core_stage_4,103,101693.388670293
model_core_stage_5,103,101693.388670293
model_core_stage_6,103,101693.388670293
model_core_stage_7,103,92444.253307794
model_core,104,795111.802091603
model_core_stage_0,104,91637.474485439
model_core_stage_1,104,101819.416094933
model_core_stage_2,104,101819.416094933
model_core_stage_3,104,101819.416094933
model_core_stage_4,104,101819.416094933
model_core_stage_5,104,101819.416094933
model_core_stage_6,104,101819.416094933
model_core_stage_7,104,92557.831036568
model_core,105,796064.882251219
model_core_stage_0,105,91747.427613864
model_core_stage_1,105,101941.586237627
model_core_stage_2,105,101941.586237627
model_core_stage_3,105,101941.586237627
model_core_stage_4,105,101941.586237627
model_core_stage_5,105,101941.586237627
model_core_stage_6,105,101941.586237627
model_core_stage_7,105,92667.937211592
model_core,106,796988.803069608
model_core_stage_0,106,91854.016202917
model_core_stage_1,106,102060.018003241
model_core_stage_2,106,102060.018003241
model_core_stage_3,106,102060.018003241
model_core_stage_4,106,102060.018003241
model_core_stage_5,106,102060.018003241
model_core_stage_6,106,102060.018003241
model_core_stage_7,106,92774.678847244
model_core,107,797884.463414827
model_core_stage_0,107,91957.343968142
model_core_stage_1,107,102174.826631269
model_core_stage_2,107,102174.826631269
model_core_stage_3,107,102174.826631269
model_core_stage_4,107,102174.826631269
model_core_stage_5,107,102174.826631269
model_core_stage_6,107,102174.826631269
model_core_stage_7,107,92878.159659069
model_core,108,798752.734446356
model_core_stage_0,108,92057.511427942
model_core_stage_1,108,102286.123808824
model_core_stage_2,108,102286.123808824
model_core_stage_3,108,102286.123808824
model_core_stage_4,108,102286.123808824
model_core_stage_5,108,102286.123808824
model_core_stage_6,108,102286.123808824
model_core_stage_7,108,92978.480165467
model_core,109,799594.460469246
model_core_stage_0,109,92154.616002129
model_core_stage_1,109,102394.017780144
model_core_stage_2,109,102394.017780144
model_core_stage_3,109,102394.017780144
model_core_stage_4,109,102394.017780144
model_core_stage_5,109,102394.017780144
model_core_stage_6,109,102394.017780144
model_core_stage_7,109,93075.737786254
model_core,110,800410.459761938
model_core_stage_0,110,92248.752107448
model_core_stage_1,110,102498.613452720
model_core_stage_2,110,102498.613452720
model_core_stage_3,110,102498.613452720
model_core_stage_4,110,102498.613452720
model_core_stage_5,110,102498.613452720
model_core_stage_6,110,102498.613452720
model_core_stage_7,110,93170.026938171
model_core,111,801201.525378560
model_core_stage_0,111,92340.011250143
model_core_stage_1,111,102600.012500159
model_core_stage_2,111,102600.012500159
model_core_stage_3,111,102600.012500159
model_core_stage_4,111,102600.012500159
model_core_stage_5,111,102600.012500159
model_core_stage_6,111,102600.012500159
model_core_stage_7,111,93261.439127465
model_core,112,801968.425926495
model_core_stage_0,112,92428.482115682
model_core_stage_1,112,102698.313461868
model_core_stage_2,112,102698.313461868
model_core_stage_3,112,102698.313461868
model_core_stage_4,112,102698.313461868
model_core_stage_5,112,102698.313461868
model_core_stage_6,112,102698.313461868
model_core_stage_7,112,93350.063039603
model_core,113,802711.906319974
model_core_stage_0,113,92514.250655706
model_core_stage_1,113,102793.611839674
model_core_stage_2,113,102793.611839674
model_core_stage_3,113,102793.611839674
model_core_stage_4,113,102793.611839674
model_core_stage_5,113,102793.611839674
model_core_stage_6,113,102793.611839674
model_core_stage_7,113,93435.984626227
model_core,114,803432.688510447
model_core_stage_0,114,92597.400172307
model_core_stage_1,114,102886.000191452
model_core_stage_2,114,102886.000191452
model_core_stage_3,114,102886.000191452
model_core_stage_4,114,102886.000191452
model_core_stage_5,114,102886.000191452
model_core_stage_6,114,102886.000191452
model_core_stage_7,114,93519.287189427
model_core,115,804131.472194434
model_core_stage_0,115,92678.011399698
model_core_stage_1,115,102975.568221887
model_core_stage_2,115,102975.568221887
model_core_stage_3,115,102975.568221887
model_core_stage_4,115,102975.568221887
model_core_stage_5,115,102975.568221887
model_core_stage_6,115,102975.568221887
model_core_stage_7,115,93600.051463417
model_core,116,804808.935499558
model_core_stage_0,116,92756.162583374
model_core_stage_1,116,103062.402870415
model_core_stage_2,116,103062.402870415
model_core_stage_3,116,103062.402870415
model_core_stage_4,116,103062.402870415
model_core_stage_5,116,103062.402870415
model_core_stage_6,116,103062.402870415
model_core_stage_7,116,93678.355693692
model_core,117,805465.735649426
model_core_stage_0,117,92831.929556828
model_core_stage_1,117,103146.588396476
model_core_stage_2,117,103146.588396476
model_core_stage_3,117,103146.588396476
model_core_stage_4,117,103146.588396476
model_core_stage_5,117,103146.588396476
model_core_stage_6,117,103146.588396476
model_core_stage_7,117,93754.275713745
model_core,118,806102.509608025
model_core_stage_0,118,92905.385815905
model_core_stage_1,118,103228.206462117
model_core_stage_2,118,103228.206462117
model_core_stage_3,118,103228.206462117
model_core_stage_4,118,103228.206462117
model_core_stage_5,118,103228.206462117
model_core_stage_6,118,103228.206462117
model_core_stage_7,118,93827.885019421
model_core,119,806719.874704237
model_core_stage_0,119,92976.602590860
model_core_stage_1,119,103307.336212067
model_core_stage_2,119,103307.336212067
model_core_stage_3,119,103307.336212067
model_core_stage_4,119,103307.336212067
model_core_stage_5,119,103307.336212067
model_core_stage_6,119,103307.336212067
model_core_stage_7,119,93899.254840975
model_core,120,807318.429237122
model_core_stage_0,120,93045.648916201
model_core_stage_1,120,103384.054351334
model_core_stage_2,120,103384.054351334
model_core_stage_3,120,103384.054351334
model_core_stage_4,120,103384.054351334
model_core_stage_5,120,103384.054351334
model_core_stage_6,120,103384.054351334
model_core_stage_7,120,93968.454212915
model_core,121,807898.753062524
model_core_stage_0,121,93112.591698370
model_core_stage_1,121,103458.435220412
model_core_stage_2,121,103458.435220412
model_core_stage_3,121,103458.435220412
model_core_stage_4,121,103458.435220412
model_core_stage_5,121,103458.435220412
model_core_stage_6,121,103458.435220412
model_core_stage_7,121,94035.550041684
model_core,122,808468.529879389
model_core_stage_0,122,93177.495781350
model_core_stage_1,122,103530.550868166
model_core_stage_2,122,103530.550868166
model_core_stage_3,122,103530.550868166
model_core_stage_4,122,103530.550868166
model_core_stage_5,122,103530.550868166
model_core_stage_6,122,103530.550868166
model_core_stage_7,122,94107.728889042
model_core,123,809021.532724588
model_core_stage_0,123,93240.424010234
model_core_stage_1,123,103600.471122482
model_core_stage_2,123,103600.471122482
model_core_stage_3,123,103600.471122482
model_core_stage_4,123,103600.471122482
model_core_stage_5,123,103600.471122482
model_core_stage_6,123,103600.471122482
model_core_stage_7,123,94178.281979464
model_core,124,809557.939368801
model_core_stage_0,124,93301.437292850
model_core_stage_1,124,103668.263658722
model_core_stage_2,124,103668.263658722
model_core_stage_3,124,103668.263658722
model_core_stage_4,124,103668.263658722
model_core_stage_5,124,103668.263658722
model_core_stage_6,124,103668.263658722
model_core_stage_7,124,94246.920123619
model_core,125,810078.261407773
model_core_stage_0,125,93360.594659477
model_core_stage_1,125,103733.994066085
model_core_stage_2,125,103733.994066085
model_core_stage_3,125,103733.994066085
model_core_stage_4,125,103733.994066085
model_core_stage_5,125,103733.994066085
model_core_stage_6,125,103733.994066085
model_core_stage_7,125,94313.702351784
model_core,126,810582.994666759
model_core_stage_0,126,93417.953320721
model_core_stage_1,126,103797.725911912
model_core_stage_2,126,103797.725911912
model_core_stage_3,126,103797.725911912
model_core_stage_4,126,103797.725911912
model_core_stage_5,126,103797.725911912
model_core_stage_6,126,103797.725911912
model_core_stage_7,126,94378.685874567
model_core,127,811072.619686668
model_core_stage_0,127,93473.568723610
model_core_stage_1,127,103859.520804011
model_core_stage_2,127,103859.520804011
model_core_stage_3,127,103859.520804011
model_core_stage_4,127,103859.520804011
model_core_stage_5,127,103859.520804011
model_core_stage_6,127,103859.520804011
model_core_stage_7,127,94441.926138994
model_core,128,811547.602195220
model_core_stage_0,128,93527.494605957
model_core_stage_1,128,103919.438451064
model_core_stage_2,128,103919.438451064
model_core_stage_3,128,103919.438451064
model_core_stage_4,128,103919.438451064
model_core_stage_5,128,103919.438451064
model_core_stage_6,128,103919.438451064
model_core_stage_7,128,94503.476882880
